rank,uri,artist_names,track_name,source,peak_rank,previous_rank,weeks_on_chart,streams
1,"spotify:track:3Ua0m0YmEjrMi9XErKcNiR","Jimin","Like Crazy","BIGHIT MUSIC",1,2,33,"753590"
2,"spotify:track:2HRgqmZQC0MC7GeNuDIXHN","Jung Kook, Latto","Seven (feat. Latto) (Explicit Ver.)","BIGHIT MUSIC",1,1,17,"673449"
3,"spotify:track:0u8rZGtXJrLtiSe34FPjGG","Jimin","Like Crazy (English Version)","BIGHIT MUSIC",3,4,33,"602216"
4,"spotify:track:2KslE17cAJNHTsI2MI0jb2","Jung Kook","Standing Next to You","BIGHIT MUSIC",4,-1,1,"526548"
5,"spotify:track:59hBR0BCtJsfIbV9VzCVAp","Jimin","Set Me Free Pt.2","BIGHIT MUSIC",2,6,34,"444574"
6,"spotify:track:01qFKNWq73UfEslI0GvumE","Jung Kook, Jack Harlow","3D (feat. Jack Harlow)","BIGHIT MUSIC",2,3,6,"426504"
7,"spotify:track:2gkVEnpahpE3bQuvGuCpAV","Jung Kook","Yes or No","BIGHIT MUSIC",7,-1,1,"330527"
8,"spotify:track:5ONOlTiqymhzwcFjqcIT6E","Jung Kook","Hate You","BIGHIT MUSIC",8,-1,1,"308440"
9,"spotify:track:0k0GtcnyQLMiXrdEDbLXmJ","Jung Kook, DJ Snake","Please Don't Change (feat. DJ Snake)","BIGHIT MUSIC",9,-1,1,"296574"
10,"spotify:track:3bNNvJA7hsGw0wSpGkfOBm","Jung Kook","Too Sad to Dance","BIGHIT MUSIC",10,-1,1,"286714"
11,"spotify:track:06Qo2fYR2KS1F7bL338iVT","Jung Kook, Major Lazer","Closer to You (feat. Major Lazer)","BIGHIT MUSIC",11,-1,1,"284912"
12,"spotify:track:5KfJvZ0PZzRdwFRaTUDAA7","Jung Kook","Somebody","BIGHIT MUSIC",12,-1,1,"283905"
13,"spotify:track:7AbqgE05nFl9qY4FRUiq2p","Jung Kook","Shot Glass of Tears","BIGHIT MUSIC",13,-1,1,"276248"
14,"spotify:track:21ewxM3YvcdTj7cC0XwznO","Lim Young Woong","Do or Die","Mulgogi Music",7,7,5,"247638"
15,"spotify:track:6auT8cRBu3BgPRBrdVBY15","Lim Young Woong","London Boy","물고기뮤직",6,8,51,"242909"
16,"spotify:track:4WUpMUjdoi47LY7gBQBXe3","Lim Young Woong","Grain of Sand","물고기뮤직",9,9,23,"233811"
17,"spotify:track:74X2u8JMVooG2QbjRxXwR8","LE SSERAFIM","Perfect Night","SOURCE MUSIC",11,11,2,"221765"
18,"spotify:track:5Hfnps0jaWFpYg55WOPexG","Jimin","Alone","BIGHIT MUSIC",6,17,33,"202892"
19,"spotify:track:2tA3NP12r4niSRhb9Y6AoY","Lim Young Woong","Polaroid","물고기뮤직",12,12,51,"191017"
20,"spotify:track:3OdIiWnYRHPYtC313Z0Bwy","Jimin","Face-off","BIGHIT MUSIC",5,19,33,"185163"
21,"spotify:track:2N0SPREDYqILVEFSsWF5N5","V","Love Me Again","BIGHIT MUSIC",3,10,13,"184994"
22,"spotify:track:1vvcEHQdaUTvWt0EIUYcFK","Kodak Black, NLE Choppa, Jimin, JVKE, Muni Long, Fast & Furious: The Fast Saga","Angel Pt. 1 (feat. Jimin of BTS, JVKE & Muni Long)","APG Inc – FF10",1,15,26,"167998"
23,"spotify:track:2qg2jy3v50RwfV5FAqG3a2","Jimin","Interlude : Dive","BIGHIT MUSIC",7,22,33,"166435"
24,"spotify:track:2RLdkXSaiQjRbey5pvP8Kt","Lim Young Woong","If We Ever Meet Again","물고기뮤직",5,16,79,"164065"
25,"spotify:track:5qyjy0xfsHNzWxvXkHVB85","Jimin, JVKE, Fast & Furious: The Fast Saga, Kodak Black, NLE Choppa, Muni Long","Angel Pt. 1 (feat. Jimin of BTS, JVKE & Muni Long) - Trailer Version","APG Inc – FF10",11,43,21,"154701"
26,"spotify:track:5h1BN75CEh8wdSwE1xrbSe","V","Slow Dancing","BIGHIT MUSIC",4,13,8,"147496"
27,"spotify:track:7aqsfFKqJFNa2umM4tTLdA","IVE","Baddie","STARSHIP Entertainment",13,14,4,"138011"
28,"spotify:track:50xSycnGMDy0Wg5jJcOv3S","Lim Young Woong","Rainbow","물고기뮤직",11,24,78,"129695"
29,"spotify:track:5ydjxBSUIDn26MFzU3asP4","V","Rainy Days","BIGHIT MUSIC",5,18,13,"128028"
30,"spotify:track:2jidjmWNeRmKgLjXhW52Gz","Lim Young Woong","Our Blues, Our Life","물고기뮤직",12,25,79,"122543"
31,"spotify:track:5sdQOyqq2IDhvmx2lHOpwd","NewJeans","Super Shy","ADOR",2,21,18,"122344"
32,"spotify:track:4Cr43xPo7bwyCcL1g3yVCu","Lim Young Woong","A bientot","물고기뮤직",21,29,77,"115265"
33,"spotify:track:6gcuJpHu0Ey30D5WR76y98","JENNIE","You & Me","YG Entertainment",8,20,5,"112965"
34,"spotify:track:0rKWJnmo6Q0ovoPOLoLm0t","The Kid LAROI, Jung Kook, Central Cee","TOO MUCH","Columbia",4,5,3,"110514"
35,"spotify:track:5bnqVShfhXTIk1XCyly5w5","RIIZE","Get A Guitar","SM Entertainment",17,26,10,"110432"
36,"spotify:track:56v8WEnGzLByGsDAXDiv4d","NewJeans","ETA","ADOR",3,27,16,"102195"
37,"spotify:track:2lsRp40mCRkhqULWdMbOzn","Lim Young Woong","I Love You","물고기뮤직",15,40,78,"99481"
38,"spotify:track:4rMEoXVYww6Xy7q9wSj4gy","Lim Young Woong","Love Always Run Away","MOST CONTENTS",24,34,104,"98899"
39,"spotify:track:5IAESfJjmOYu7cHyX557kz","BTS","Take Two","BIGHIT MUSIC",5,32,22,"98528"
40,"spotify:track:1E14FuM0BRaHAJSJ9YxMVu","Lim Young Woong","A Psalm of Life","물고기뮤직",38,38,74,"98236"
41,"spotify:track:210JJAa9nJOgNa0YNrsT5g","League of Legends, NewJeans","GODS","Riot Games",10,30,6,"96620"
42,"spotify:track:7x3SGAkfIrzDr9paSslwMv","Lim Young Woong","Lovely Touch","물고기뮤직",28,45,76,"95624"
43,"spotify:track:1qosh64U6CR5ki1g1Rf2dZ","AKMU","Love Lee","YG Entertainment",9,28,12,"91470"
44,"spotify:track:365znJ27Fb3faGsctmQYWR","Lim Young Woong","Father","물고기뮤직",29,47,73,"91051"
45,"spotify:track:4NIe9Is7bN5JWyTeCW2ahK","TAEYANG, Jimin","VIBE (feat. Jimin of BTS)","THEBLACKLABEL",3,53,43,"90531"
46,"spotify:track:43u5DDtK4vQ1coWXb4S5a8","Lim Young Woong","HERO","TIZZO C&C, New Era Project",46,48,56,"90155"
47,"spotify:track:2cEwQnP4284g37N6D7ETND","RIIZE","Talk Saxy","SM Entertainment",31,31,2,"88939"
48,"spotify:track:4HAOgAnILvXCbSODMoRnmD","V","For Us","BIGHIT MUSIC",11,36,9,"88514"
49,"spotify:track:5oaQsszgxYAdABuXoWEOUe","Jimin","Christmas Love","BIGHIT MUSIC",19,97,35,"87451"
50,"spotify:track:3r8RuvgbX9s7ammBn07D3W","NewJeans","Ditto","ADOR",1,46,47,"87154"
51,"spotify:track:2UU11hvjN1JIn4iihEodNT","V","Blue","BIGHIT MUSIC",11,39,9,"86261"
52,"spotify:track:2yjeXq5ahx6UUg2rHaUe6X","JVKE, Jimin, Charlie Puth, Muni Long, Fast & Furious: The Fast Saga","Angel Pt. 2 (feat. Jimin of BTS, Charlie Puth and Muni Long)","APG Inc – FF10",5,56,22,"83914"
53,"spotify:track:41JPN7pZMTp1sumBOHOzHd","Agust D, IU","People Pt.2 (feat. IU)","BIGHIT MUSIC",9,23,31,"83830"
54,"spotify:track:7pgbDdy7ax962o9d2xJceV","V","Slow Dancing (Piano Ver.)","BIGHIT MUSIC",13,41,9,"83798"
55,"spotify:track:0yfQBmmOIVqiwhV5u10EhN","Lim Young Woong","Love Letter","물고기뮤직",23,51,73,"83629"
56,"spotify:track:3jxFmvoG55Cwv0JJBzRPce","IVE","Either Way","STARSHIP Entertainment",12,35,7,"79549"
57,"spotify:track:2RUcwyW74Sv4VracHFrKdh","Jimin","Promise","BIGHIT MUSIC",8,78,36,"78650"
58,"spotify:track:6rdkCkjk6D12xRpdMXy0I2","NewJeans","New Jeans","ADOR",4,50,18,"77653"
59,"spotify:track:0tSkMuKKrLXEfxc58cEhFX","IVE","Off The Record","STARSHIP Entertainment",21,42,5,"75493"
60,"spotify:track:05STjz8kmPBUebu3uu5sO0","Lim Young Woong","Nest","물고기뮤직",41,63,69,"74421"
61,"spotify:track:65FftemJ1DbbZ45DUfHJXE","NewJeans","OMG","ADOR",1,52,45,"73989"
62,"spotify:track:56y1jOTK0XSvJzVv9vHQBK","Doja Cat","Paint The Town Red","Kemosabe Records/RCA Records",14,49,14,"73276"
63,"spotify:track:2gzhQaCTeNgxpeB2TPllyY","Jimin, HA SUNG WOON","With you","Genie Music Corporation, Stone Music Entertainment",3,87,81,"71726"
64,"spotify:track:4zCcKPm03kHARVAiyzlDX8","Lim Young Woong","Trust in me","TV CHOSUN",58,64,63,"71327"
65,"spotify:track:4MTNimMDRyFZv37Thcktwa","SEVENTEEN","God of Music","PLEDIS Entertainment",44,44,3,"70742"
66,"spotify:track:5aIVCx5tnk0ntmdiinnYvw","Tyla","Water","FAX Records/Epic",49,54,6,"70109"
67,"spotify:track:0a4MMyCrzT0En247IhqZbD","NewJeans","Hype Boy","ADOR",1,62,67,"69875"
68,"spotify:track:0NPR33dSDeDdlWS4aaN3dc","Lim Young Woong","My Starry Love","TIZZO C&C, New Era Project, MULGOGI MUSIC",56,69,56,"68563"
69,"spotify:track:70t7Q6AYG6ZgTYmJWcnkUM","IVE","I AM","STARSHIP Entertainment",1,57,31,"67213"
70,"spotify:track:1BxfuPKGuaTgP7aM0Bbdwr","Taylor Swift","Cruel Summer","Taylor Swift",37,55,22,"66303"
71,"spotify:track:6D90VTeGEWYX5AkAtjHZh1","Jimin","Like Crazy (Deep House Remix)","BIGHIT MUSIC",28,100,33,"64541"
72,"spotify:track:6f4CAdAmrOfGH3FOfwHMSV","AKMU","Fry’s Dream","YG Entertainment",21,60,12,"63265"
73,"spotify:track:1IvOxLYTstsq5Z6pN3l3zm","Lim Young Woong","Loving You","물고기뮤직",48,80,64,"63193"
74,"spotify:track:5tDxLjAnkojfnXnjOk6mvh","Jimin","Like Crazy (UK Garage Remix)","BIGHIT MUSIC",30,104,33,"62930"
75,"spotify:track:2D1xAiDD33nqcxtSMH30hO","Lim Young Woong","Love Station","물고기뮤직",39,79,65,"62744"
76,"spotify:track:3rUGC1vUpkDG9CZFHMur1t","Tate McRae","greedy","RCA Records Label",51,68,8,"62568"
77,"spotify:track:7jzOZuWgZ5gaMet9V5Ix1d","JEON SOMI","Fast Forward","THEBLACKLABEL",11,61,14,"61595"
78,"spotify:track:0zqGsExr8GxWqoaYaa78xU","Leellamarz, Gist, Jayci yucca","Boys Like Girls (Feat. Gist, Jayci yucca)","Genie Music Corporation, Stone Music Entertainment",37,37,2,"60546"
79,"spotify:track:1TCkgf6YdQa9jzhWziWbjf","Lim Young Woong","Elevator","덕업닷컴",79,83,37,"59208"
80,"spotify:track:4bZZVcgWWMWPBwzTTp642w","BTS","Filter","BIGHIT MUSIC",12,122,141,"59177"
81,"spotify:track:6x7SB38tuekpu4xpH9OIPY","Kenshi Yonezu","地球儀 - Spinning Globe","Sony Music Labels Inc.",59,59,4,"57630"
82,"spotify:track:02wk5BttM0QL38ERjLPQJB","NewJeans","Cool With You","ADOR",5,74,16,"57036"
83,"spotify:track:11s5p72subU7SHJPzyR2Lq","RIIZE","Memories","SM Entertainment",36,66,11,"56293"
84,"spotify:track:5Odq8ohlgIbQKMZivbWkEo","Charlie Puth, Jung Kook, BTS","Left and Right (Feat. Jung Kook of BTS)","Atlantic Records",1,33,72,"56062"
85,"spotify:track:4QhnNyKDsAkXPwHkSnuc89","LE SSERAFIM","Eve, Psyche & The Bluebeard’s wife","SOURCE MUSIC",10,76,28,"55789"
86,"spotify:track:4bjN59DRXFRxBE1g5ne6B1","Agust D","Haegeum","BIGHIT MUSIC",10,65,29,"54868"
87,"spotify:track:0cxhv3PpIkmREXqobuB0zG","Jimin","Like Crazy (Instrumental)","BIGHIT MUSIC",50,150,32,"54818"
88,"spotify:track:1qRfAvzRIJQodWKBNFAb6C","Dynamicduo, Lee Young Ji","Smoke (Prod. Dynamicduo, Padi)","Genie Music Corporation",21,71,10,"53029"
89,"spotify:track:2pIUpMhHL6L9Z5lnKxJJr9","NewJeans","Attention","ADOR",1,82,67,"52652"
90,"spotify:track:3vkCueOmm7xQDoJ17W1Pm3","Mitski","My Love Mine All Mine","Dead Oceans",88,88,6,"51973"
91,"spotify:track:1nWB8isqs2tviWk20G5pow","BTS","Lie","BIGHIT MUSIC",26,163,53,"50457"
92,"spotify:track:51vRumtqbkNW9wrKfESwfu","LE SSERAFIM, Nile Rodgers","UNFORGIVEN (feat. Nile Rodgers)","SOURCE MUSIC",1,86,28,"50439"
93,"spotify:track:6zZWoHlF2zNSLUNLvx4GUl","aespa","Better Things","Warner Records",36,81,12,"50026"
94,"spotify:track:29WxJqIfDRMo9isV07kbJP","HEARTSTEEL, League of Legends, BAEKHYUN, tobi lou, ØZI, Cal Scruby","PARANOIA","Riot Games",70,70,3,"48816"
95,"spotify:track:1dS4l6xmdgEhCZTAhdOm4N","BTS","Serendipity - Full Length Edition","BIGHIT MUSIC",21,179,59,"48023"
96,"spotify:track:0VdwOoAKPe9aGahkpllfkH","BUMJIN","A Letter","JMG(더블엑스엔터테인먼트)",96,147,2,"47949"
97,"spotify:track:4uOBL4DDWWVx4RhYKlPbPC","(G)I-DLE","Queencard","CUBE Entertainment",4,89,26,"47224"
98,"spotify:track:3gtlthEgyulDfT8dWdKsnv","aespa","Spicy","Warner Records",3,90,27,"46902"
99,"spotify:track:2KNEK9rGKQKKNE6FTt8PvQ","Parc Jae Jung","Let’s Say Goodbye","Romantic Factory",33,85,25,"46385"
100,"spotify:track:4jMwQaDiDICry8Ia1gFnAn","TAEMIN","Guilty","SM Entertainment",100,183,2,"46376"
101,"spotify:track:1Qrg8KqiBpW07V7PNxwwwL","SZA","Kill Bill","Top Dawg Entertainment/RCA Records",7,93,48,"45928"
102,"spotify:track:1jxGBe4s8FwL2ZeNWszVuu","D.O., Wonstein","I'm Gonna Love You","SM Entertainment",79,105,12,"45125"
103,"spotify:track:1omcLGGewAHTVBfL2DtT3C","Lim Young Woong","Two fists","TV CHOSUN, ShowPlay",103,103,31,"44897"
104,"spotify:track:6R5fYCySNHrqo4Og6O1ppn","Lauv","Steal The Show - From ""Elemental""","Walt Disney Records",10,96,21,"44289"
105,"spotify:track:5PyDJG7SQRgWXefgexqIge","Doja Cat","Agora Hills","Kemosabe Records/RCA Records",102,102,7,"43868"
106,"spotify:track:0NoeYUnwpb9R26mpylHcR9","KISS OF LIFE","Sugarcoat (NATTY Solo)","S2 ENTERTAINMENT INC.",28,94,18,"43811"
107,"spotify:track:1Iq8oo9XkmmvCQiGOfORiz","Taylor Swift","Is It Over Now? (Taylor's Version) (From The Vault)","Taylor Swift",99,99,2,"43724"
108,"spotify:track:0eFMbKCRw8KByXyWBw8WO7","Jung Kook","Still With You","BIGHIT MUSIC",8,72,19,"42779"
109,"spotify:track:12usPU2WnqgCHAW1EK2dfd","Tatsuya Kitani","青のすみか","Sony Music Labels Inc.",63,91,18,"42665"
110,"spotify:track:5mjYQaktjmjcMKcUIcqz4s","Kenya Grace","Strangers","Warner Records/Major Recordings",77,114,8,"41516"
111,"spotify:track:0RiRZpuVRbi7oqRdSMwhQY","Post Malone, Swae Lee","Sunflower - Spider-Man: Into the Spider-Verse","Republic Records",35,110,136,"41394"
112,"spotify:track:0bMoNdAnxNR0OuQbGDovrr","LE SSERAFIM","ANTIFRAGILE","SOURCE MUSIC",1,125,56,"41357"
113,"spotify:track:423WHvB4mKprM6hELzpH3F","Nerd Connection","Good Night Good Dream","ES Records",81,108,64,"41046"
114,"spotify:track:1hAloWiinXLPQUJxrJReb1","YOASOBI","アイドル","YOASOBI",6,95,31,"40958"
115,"spotify:track:3AOf6YEpxQ894FmrwI9k96","SEVENTEEN","Super","PLEDIS Entertainment",6,116,29,"40928"
116,"spotify:track:5QDLhrAOJJdNAmCTJ8xMyW","BTS","Dynamite","BIGHIT MUSIC",1,167,145,"40879"
117,"spotify:track:0dS2u2UFd88TIzDDaZDLvS","d4vd","Here With Me","Darkroom/Interscope Records",72,156,49,"40110"
118,"spotify:track:4JK1kDUdH9RTBQrrSO1QfR","Yuuri","ベテルギウス","Sony Music Labels Inc.",21,107,39,"39653"
119,"spotify:track:7Mmv4tVcaAAM0M9bn6h6zY","Leellamarz, ASH ISLAND","On the street (Feat. ASH ISLAND)","Genie Music Corporation, Stone Music Entertainment",77,77,11,"39632"
120,"spotify:track:21jGcNKet2qwijlDFuPiPb","Post Malone","Circles","Republic Records",30,197,130,"39531"
121,"spotify:track:4erzRRcwLlW1GdbQfTcw4I","Lim Young Woong","Hate you","TV CHOSUN, ShowPlay",121,143,19,"39098"
122,"spotify:track:7foeH2Emgq8A3LWk3q6dat","IVE","Kitsch","STARSHIP Entertainment",2,115,33,"39038"
123,"spotify:track:5QM0SsyzmBM0pbFY52Xj1X","Sam Smith","I'm Not The Only One","Capitol",51,134,60,"38425"
124,"spotify:track:2Ghu1DdMwxS3VAyB7i38Wo","D.O.","That's okay","SM Entertainment",94,119,10,"38350"
125,"spotify:track:567e29TDzLwZwfDuEpGTwo","The Kid LAROI, Justin Bieber","STAY (with Justin Bieber)","Columbia",1,117,122,"37649"
126,"spotify:track:4vziJcnB2Qyi9o4nIRUeN7","The Beatles","Now And Then","UMC (Universal Music Catalogue)",126,-1,1,"37562"
127,"spotify:track:5EtiQveQFQy0R05hLVDyKv","NCT 127","Fact Check","SM Entertainment",36,92,5,"37328"
128,"spotify:track:5expoVGQPvXuwBBFuNGqBd","NewJeans","Hurt","ADOR",4,130,67,"37324"
129,"spotify:track:04TshWXkhV1qkqHzf31Hn6","Kenshi Yonezu","Lemon","Sony Music Labels Inc.",25,123,53,"37172"
130,"spotify:track:4p4yxplNCSmt9xfaAMpcd5","BIG Naughty","Vancouver","H1GHR MUSIC RECORDS",40,124,79,"37025"
131,"spotify:track:2gYj9lubBorOPIVWsTXugG","IVE","After LIKE","STARSHIP Entertainment",1,126,64,"36853"
132,"spotify:track:4BLpd6QINAs4UXd1lVtdhj","Charlie Puth","Dangerously","Artist Partner",26,127,68,"36778"
133,"spotify:track:2fiI6e0WxyZB3QnmRxYGPg","BIG Naughty","Vancouver 2","H1GHR MUSIC RECORDS",18,109,8,"36072"
134,"spotify:track:4IiSP6seUj7QwhgDgXdS11","Coogie, Crush","Right Now (Feat. Crush)","AOMG",80,113,5,"35970"
135,"spotify:track:6jjYDGxVJsWS0a5wlVF5vS","BTS","Butter","BIGHIT MUSIC",1,-1,127,"35914"
136,"spotify:track:2pozUjd7AVIPwSNDqoU3ek","NCT U","Baggy Jeans","SM Entertainment",34,118,11,"35807"
137,"spotify:track:5BqwC9kOBbqYkzdOKeXFFk","JANNABI","for lovers who hesitate","PEPONI MUSIC",55,136,139,"35617"
138,"spotify:track:6I3mqTwhRpn34SLVafSH7G","Justin Bieber","Ghost","RBMG/Def Jam",15,141,115,"35189"
139,"spotify:track:4Dvkj6JhhA12EX05fT7y2e","Harry Styles","As It Was","Columbia",3,131,84,"35126"
140,"spotify:track:0ZPjVmof45INEERgYfadtv","TOMORROW X TOGETHER","Chasing That Feeling","Republic Records - TXT",56,121,4,"35106"
141,"spotify:track:4iZ4pt7kvcaH6Yo8UoZ4s2","SZA","Snooze","Top Dawg Entertainment/RCA Records",89,152,40,"34914"
142,"spotify:track:5Eh1nj7IjV9lwpcKAkidyY","Troye Sivan","One Of Your Girls","EMI Recorded Music Australia Pty Ltd",68,106,4,"34907"
143,"spotify:track:3T03rPwlL8NVk1yIaxeD8U","Justin Bieber","Off My Face","RBMG/Def Jam",24,145,138,"34673"
144,"spotify:track:2j1fFjWHCI9KJSwcuYAOyF","BTS","봄날","BIGHIT MUSIC",32,-1,110,"34496"
145,"spotify:track:0Q5VnK2DYzRyfqQRJuUtvi","IVE","LOVE DIVE","STARSHIP Entertainment",1,137,84,"34244"
146,"spotify:track:5fpyAakgFOm4YTXkgfPzvV","NewJeans","ASAP","ADOR",7,140,16,"33871"
147,"spotify:track:6dgUya35uo964z7GZXM07g","Sabrina Carpenter","Nonsense","Island Records",19,157,47,"33756"
148,"spotify:track:6LuvVxHXQDtsPxtE07Ycbe","Stray Kids","특 S-Class","JYP Entertainment",24,187,22,"33654"
149,"spotify:track:7mpdNiaQvygj2rHoxkzMfa","ENHYPEN","Bite Me","BELIFT LAB",42,166,24,"33559"
150,"spotify:track:0bYg9bo50gSsH3LtXe2SQn","Mariah Carey","All I Want for Christmas Is You","Columbia",5,-1,18,"32876"
151,"spotify:track:0QzuaeCEEOV40Pn7IvKEny","dhruv","double take","Little Worry/RCA Records",58,160,125,"32863"
152,"spotify:track:4K8jDTlNhZWEdnzZVGRMtN","LE SSERAFIM","FEARLESS (2023 Ver.)","SOURCE MUSIC",2,169,80,"32779"
153,"spotify:track:2LBqCSwhJGcFQeTHMVGwy3","The Weeknd","Die For You","Universal Republic Records",36,161,71,"32571"
154,"spotify:track:11fB0pRXSdxOgoM8ity2D4","Leellamarz, Hannah","Trip","Genie Music Corporation, Stone Music Entertainment",111,142,16,"32564"
155,"spotify:track:7w6NWogvAAFdEhD9MA2uvv","Kenshi Yonezu","LADY","Sony Music Labels Inc.",68,155,26,"32456"
156,"spotify:track:5wxYxygyHpbgv0EXZuqb9V","j-hope, J. Cole","on the street (with J. Cole)","BIGHIT MUSIC",6,112,36,"32417"
157,"spotify:track:5TNMJ6Csb2NgSohuz76XJT","BOYNEXTDOOR","But Sometimes","KOZ Entertainment",38,138,10,"32243"
158,"spotify:track:5cF0dROlMOK5uNZtivgu50","Charlie Puth","Attention","Artist Partner",115,-1,51,"32087"
159,"spotify:track:2sZEjTi51vnlwpmIAKdwgX","D.O.","Somebody","SM Entertainment",56,132,7,"31960"
160,"spotify:track:6MCjmGYlw6mQVWRFVgBRvB","YOASOBI","夜に駆ける","YOASOBI",88,146,109,"31940"
161,"spotify:track:3scRk3rUGIwpCg9kMNrtEQ","Baek A","Amor","Baek A",17,162,60,"31905"
162,"spotify:track:3iLBFgaQJ94iarMgzrTuWb","Charlie Puth","I Don’t Think That I Like Her","Atlantic Records",7,154,60,"31741"
163,"spotify:track:0GWNtMohuYUEHVZ40tcnHF","King Gnu","SPECIALZ","Sony Music Labels Inc.",58,144,10,"31683"
164,"spotify:track:186NCtNk1tUYS7c2DxgJ7O","V","Christmas Tree","MOST CONTENTS",1,175,97,"31583"
165,"spotify:track:549pkLJc17pBTeOENTYPS1","Epik High, HOSHI","Screen Time (Feat. Hoshi of SEVENTEEN)","OURS Co.",165,-1,1,"31295"
166,"spotify:track:50kpGaPAhYJ3sGmk6vplg0","Justin Bieber","Love Yourself","RBMG/Def Jam",79,173,138,"31255"
167,"spotify:track:1RDvyOk4WtPCtoqciJwVn8","Jung Kook, BTS, FIFA Sound","Dreamers [Music from the FIFA World Cup Qatar 2022 Official Soundtrack]","Katara Studios | 2101 Records under exclusive license to UnitedMasters LLC",1,58,51,"30731"
168,"spotify:track:2DwUdMJ5uxv20EhAildreg","NewJeans","Cookie","ADOR",3,164,67,"30440"
169,"spotify:track:1kuGVB7EU95pJObxwvfwKS","Olivia Rodrigo","vampire","Olivia Rodrigo PS",24,170,19,"30419"
170,"spotify:track:3XYRV7ZSHqIRDG87DKTtry","BTS","Permission to Dance","BIGHIT MUSIC",1,-1,113,"30297"
171,"spotify:track:739WUU1tPFLO4x4HJq561K","FIFTY FIFTY","Cupid - Twin Ver.","WM Korea",9,-1,31,"30284"
172,"spotify:track:26Iv7VGUF1lqU10rxQXFL8","Paul Blanco, BE'O","Summer (Feat. BE’O)","Genie Music Corporation, Stone Music Entertainment",45,151,36,"30211"
173,"spotify:track:7uoFMmxln0GPXQ0AcCBXRq","Sia","Snowman","Monkey Puzzle/Atlantic",9,-1,26,"30119"
174,"spotify:track:3FR2yqZsG07NhXz7uPyUyC","DAY6","예뻤어","JYP Entertainment",126,184,42,"30096"
175,"spotify:track:4fYte8ZvTK14NEhAOZocBi","OneRepublic","I Ain't Worried","Interscope Records",1,176,73,"29910"
176,"spotify:track:18x0Z8JUwLA2LhgsIHbNy3","DAY6","한 페이지가 될 수 있게","JYP Entertainment",109,194,50,"29610"
177,"spotify:track:6RBziRcDeiho3iTPdtEeg9","Younha","Event Horizon","C9 Entertainment",1,171,58,"29398"
178,"spotify:track:630sXRhIcfwr2e4RdNtjKN","Zac Efron, Zendaya","Rewrite The Stars","Atlantic Records",89,153,7,"29339"
179,"spotify:track:7eBpUuPnDTfbeP1P4P93CS","BSS, Lee Young Ji","Fighting (Feat. Lee Young Ji)","PLEDIS Entertainment",7,168,40,"29183"
180,"spotify:track:0N8Xztr4pBHJ7V0moJWhbO","Aimyon","愛を伝えたいだとか","WM Japan",14,181,41,"28405"
181,"spotify:track:6z1kLsntE7FuzKZHZWrXYN","DEAN","instagram","Universal Music Ltd.",70,-1,113,"28296"
182,"spotify:track:2kTKlEtnGx5z8oi4O06yqC","QWER","Discord","TAMAGO PRODUCTION",182,-1,1,"28226"
183,"spotify:track:0HsRZwZzHoZ5AM5W2ZYI5c","BIG Naughty, 10cm","Beyond Love (Feat. 10CM)","H1GHR MUSIC RECORDS",2,185,80,"28128"
184,"spotify:track:1vYXt7VSjH9JIM5oRRo7vA","Dua Lipa","Dance The Night - From Barbie The Album","Atlantic Records",44,-1,22,"27999"
185,"spotify:track:38T0tPVZHcPZyhtOcCP7pF","Lil Nas X","STAR WALKIN' (League of Legends Worlds Anthem)","Columbia",24,-1,25,"27995"
186,"spotify:track:3FAJ6O0NOHQV8Mc5Ri6ENp","Giveon","Heartbreak Anniversary","Epic/Not So Fast",13,174,92,"27957"
187,"spotify:track:3khEEPRyBeOUabbmOPJzAG","Kenshi Yonezu","KICK BACK","Sony Music Labels Inc.",11,177,57,"27814"
188,"spotify:track:0lizgQ7Qw35od7CYaoMBZb","Ariana Grande","Santa Tell Me","Universal Records",8,-1,18,"27719"
189,"spotify:track:24ISyrkOgpc0IodIEUokog","데이먼스 이어 Damons year","yours","Akashic Records",48,-1,60,"27708"
190,"spotify:track:3gmn76fCtpDazGMnN0QMHX","imase","NIGHT DANCER","Universal Music LLC",6,178,42,"27633"
191,"spotify:track:7M3POeMOBCs6pwtDkVhBTi","Woody","Flower in the Desert - Kor Version","MAJOR9",147,-1,12,"27614"
192,"spotify:track:3BlFzuu8yqE4bMrHKTViee","Roy Kim","Let's Stay Well (My love X Roy Kim)","TOON STUDIO",166,191,9,"27550"
193,"spotify:track:7rXcCpIAoOUCydkVDMcoPV","TAEYEON","INVU","SM Entertainment",1,199,68,"27498"
194,"spotify:track:05QUYSOApWLr8oBbpONl7p","elijah woods","24/7, 365","elijah woods",194,-1,1,"27480"
195,"spotify:track:4BZuHDcmgmRaAwPd6IO7MY","GIRIBOY","What Should I do","Linchpin Music Corp.",75,75,2,"27232"
196,"spotify:track:0EcQcdcbQeVJn9fknj44Be","Lauv","I Like Me Better","Lauv",31,196,115,"27119"
197,"spotify:track:253P6uwLnelVQ6MdwXMIJk","HWASA","Chili","Genie Music Corporation",85,159,5,"26569"
198,"spotify:track:6nICBdDevG4NZysIqDFPEa","aespa","Thirsty","Warner Records",20,190,27,"26405"
199,"spotify:track:5BKiMkWucQVb7wrFi29VtX","Jung Kook","3D (Alternate Ver.)","BIGHIT MUSIC",8,84,6,"26185"
200,"spotify:track:4YaKlkNVJNbrIqN82EKFsQ","JANNABI","A thought on an autumn night","PEPONI MUSIC",119,189,15,"26151"
